,Star_name,Distance,Mass,Radius,Luminosity
0,Sun,0.000015813,1,1,1
3,Alpha Centauri,0004.4,1.1,1.2,2
1,Sirius,0008.6,2.1,1.71´,25.4
8,Procyon,0011.4,1.5,1.9,7.7
12,Altair,0017,1.8,1.8,10.5
5,Vega,0025,2.2,2.7,50
18,Fomalhaut,0025,1.9,1.8,16.6
17,Pollux,0034,1.9,8.8,43
4,Arcturus,0037,1.1,26,170
6,Capella,0043,2.6,12,150
24,Castor,0052,2.8,2.4,30
14,Aldebaran,0065,1.5,44,520
21,Regulus,0077,3.8,3.1,290
45,Alsephina[2],0080,2.4,2.9,90
32,Alioth,0081,2.9,4.2,110
25,Gacrux,0088,1.5,84,820
62,La Superba,"01,000",,129 - 342,"2,472 - 5,800"
30,Gamma Velorum,"01,100",9.0,6,"170,000"
82,KIC 8462852,"01,470",1.43,1.58,4.68
54,Ran,010.48,0.82,0.74,0.34
31,Alnair,0101,4.0,3.4,260
40,Alkaid,0104,6.1,3.4,"1,350"
33,Alnitak,01050,33,20,"120,000"
43,Alhena,0109,2.8,3.3,120
64,61 Cygni,011.41,0.7,0.665,0.153
52,Tau Ceti,011.9,0.783,0.893,0.52
28,Miaplacidus,0110,3.5,6.8,290
71,Lacaille 8760,012.87,0.6,0.51,0.072
34,Dubhe,0120,4.25,30,300
27,Elnath,0130,5.0,4.2,700
74,II Pegasi,0130,0.8,3.4,1.06
70,RW Cephei,"014,000",13.9,"1,158","417,000"
95,Icarus,"014,400,000,000",33,?,"850,000"
38,Kaus Australis,0140,3.5,6.8,360
10,Achernar,0144,6.7,9.3,"3,000"
83,R136a1,"0163,000",290,32,"8,710,000"
84,Melnick 42,"0163,000",189,21.1,"3,600,000"
91,WOH G64,"0163,000",<20,"1,540 - 1,730","340-589,000"
86,VFTS 352,"0164,000",57.48,14.47,"330,000"
77,S Doradus,"0169,000",24,380,"910,000"
65,R Doradus,0178,0.7 - 1.0,298,"4,350"
85,WR 102,"018,134",19,0.39,"282,000"
90,VB 10,018.72,0.075,0.10,0.0004
44,Peacock,0180,5.9,4.8,"2,200"
48,Alphard,0180,3.0,50,780
72,V838 Monocerotis,"019,896",?,380 - 750,"15,000"
53,Delta Pavonis,019.92,0.991,1.22,1.22
73,HD 140283,0190,?,1.4,3.83
49,Scheat,0196,2.1,95,"1,500"
87,YBP 1194,"02,772",1.01,0.99,0.98
26,Bellatrix,0240,8.6,5.8,"9,200"
76,Pistol Star,"025,000",100,320,"1,700,000"
16,Spica,0260,11.43,7.47,"20,512"
37,Sargas,0270,5.7,26,"1,800"
66,Polaris Australis,0281,1.59,3.74,38
75,VY Canis Majoris,"03,900",17,"1,420","178,000 - 270,000"
69,Mira,0300,1.2,370,"9,000"
2,Canopus,0310,15,71,"13,500"
13,Acrux,0320,18,8.9,"25,000"
20,Mimosa,0350,16,8.4,"34,000"
68,54 Piscium,036.1,0.76,0.94,0.52
51,Rasalgethi,0360,2.8,280,"8,300"
92,TRAPPIST-1,039.6,0.089,0.12,0.0005
11,Hadar,0390,10.5,8.6,"42,000"
42,Atria,0390,7,92,"5,500"
67,R Coronae Borealis,"04,566",0.85,85,"10,000"
63,VV Cephei,"04,900",18.2,"516 - 1,050","200,000"
81,Proxima Centauri,04.25,0.12,0.15,0.0017
93,2MASS J0523-1403,040.3,0.07,0.086,0.00013
22,Adhara,0430,12.5,14,"39,000"
47,Polaris,0430,5.4,39,"2,500"
59,Titawin,044.25,1.27,1.48,3.57
88,Gliese 1214,047.5,0.16,0.21,0.0033
78,UY Scuti,"05,100",7–10,755,"86,300 - 87,100"
89,NML Cygni,"05,251",50,"1,640 - 2,770","229,000"
61,P Cygni,"05,545",30,76,"610,000"
79,Barnard's Star,05.98,0.14,0.20,0.0035
46,Mirzam,0500,13.5,10,"27,000"
35,Mirfak,0590,8.5,68,"5,000"
58,Mu Cephei,"06,000",19.2,972,"135,000"
80,Luhman 16,06.52,0.04,?,?
15,Antares,0600,12,680,"75,000"
39,Avior,0630,9.0,130,"60,000"
9,Betelgeuse,0640[1],20,950,"60,000"
50,Almaaz,0653,15,140,"43,000"
56,Eta Carinae,"07,500",100,60–881,"5,000,000"
94,WISE 0855−0714,07.27,0.003,?,?
23,Shaula,0700,14.5,8.8,"36,000"
60,Rho Cassiopeiae,"08,154",22,636-981,"347,000 - 530,000"
55,V382 Carinae,"08,900",20,485,"212,000"
41,Menkalinan,081,2.39,2.77,50
7,Rigel,0860,23,78.9,"120,000"
57,Delta Cephei,0887,4.5,44.5,"2,000"
36,Wezen,"1,600",17,200,"82,000"
29,Alnilam,"2,000",32,42,"380,000"
19,Deneb,"2,600",19,203,"200,000"
,Star_name,Distance,Mass,Radius,Luminosity
0,Sun,0.000015813,1,1,1
3,Alpha Centauri,0004.4,1.1,1.2,2
1,Sirius,0008.6,2.1,1.71´,25.4
8,Procyon,0011.4,1.5,1.9,7.7
12,Altair,0017,1.8,1.8,10.5
5,Vega,0025,2.2,2.7,50
18,Fomalhaut,0025,1.9,1.8,16.6
17,Pollux,0034,1.9,8.8,43
4,Arcturus,0037,1.1,26,170
6,Capella,0043,2.6,12,150
24,Castor,0052,2.8,2.4,30
14,Aldebaran,0065,1.5,44,520
21,Regulus,0077,3.8,3.1,290
45,Alsephina[2],0080,2.4,2.9,90
32,Alioth,0081,2.9,4.2,110
25,Gacrux,0088,1.5,84,820
62,La Superba,"01,000",,129 - 342,"2,472 - 5,800"
30,Gamma Velorum,"01,100",9.0,6,"170,000"
82,KIC 8462852,"01,470",1.43,1.58,4.68
54,Ran,010.48,0.82,0.74,0.34
31,Alnair,0101,4.0,3.4,260
40,Alkaid,0104,6.1,3.4,"1,350"
33,Alnitak,01050,33,20,"120,000"
43,Alhena,0109,2.8,3.3,120
64,61 Cygni,011.41,0.7,0.665,0.153
52,Tau Ceti,011.9,0.783,0.893,0.52
28,Miaplacidus,0110,3.5,6.8,290
71,Lacaille 8760,012.87,0.6,0.51,0.072
34,Dubhe,0120,4.25,30,300
27,Elnath,0130,5.0,4.2,700
74,II Pegasi,0130,0.8,3.4,1.06
70,RW Cephei,"014,000",13.9,"1,158","417,000"
95,Icarus,"014,400,000,000",33,?,"850,000"
38,Kaus Australis,0140,3.5,6.8,360
10,Achernar,0144,6.7,9.3,"3,000"
83,R136a1,"0163,000",290,32,"8,710,000"
84,Melnick 42,"0163,000",189,21.1,"3,600,000"
91,WOH G64,"0163,000",<20,"1,540 - 1,730","340-589,000"
86,VFTS 352,"0164,000",57.48,14.47,"330,000"
77,S Doradus,"0169,000",24,380,"910,000"
65,R Doradus,0178,0.7 - 1.0,298,"4,350"
85,WR 102,"018,134",19,0.39,"282,000"
90,VB 10,018.72,0.075,0.10,0.0004
44,Peacock,0180,5.9,4.8,"2,200"
48,Alphard,0180,3.0,50,780
72,V838 Monocerotis,"019,896",?,380 - 750,"15,000"
53,Delta Pavonis,019.92,0.991,1.22,1.22
73,HD 140283,0190,?,1.4,3.83
49,Scheat,0196,2.1,95,"1,500"
87,YBP 1194,"02,772",1.01,0.99,0.98
26,Bellatrix,0240,8.6,5.8,"9,200"
76,Pistol Star,"025,000",100,320,"1,700,000"
16,Spica,0260,11.43,7.47,"20,512"
37,Sargas,0270,5.7,26,"1,800"
66,Polaris Australis,0281,1.59,3.74,38
75,VY Canis Majoris,"03,900",17,"1,420","178,000 - 270,000"
69,Mira,0300,1.2,370,"9,000"
2,Canopus,0310,15,71,"13,500"
13,Acrux,0320,18,8.9,"25,000"
20,Mimosa,0350,16,8.4,"34,000"
68,54 Piscium,036.1,0.76,0.94,0.52
51,Rasalgethi,0360,2.8,280,"8,300"
92,TRAPPIST-1,039.6,0.089,0.12,0.0005
11,Hadar,0390,10.5,8.6,"42,000"
42,Atria,0390,7,92,"5,500"
67,R Coronae Borealis,"04,566",0.85,85,"10,000"
63,VV Cephei,"04,900",18.2,"516 - 1,050","200,000"
81,Proxima Centauri,04.25,0.12,0.15,0.0017
93,2MASS J0523-1403,040.3,0.07,0.086,0.00013
22,Adhara,0430,12.5,14,"39,000"
47,Polaris,0430,5.4,39,"2,500"
59,Titawin,044.25,1.27,1.48,3.57
88,Gliese 1214,047.5,0.16,0.21,0.0033
78,UY Scuti,"05,100",7–10,755,"86,300 - 87,100"
89,NML Cygni,"05,251",50,"1,640 - 2,770","229,000"
61,P Cygni,"05,545",30,76,"610,000"
79,Barnard's Star,05.98,0.14,0.20,0.0035
46,Mirzam,0500,13.5,10,"27,000"
35,Mirfak,0590,8.5,68,"5,000"
58,Mu Cephei,"06,000",19.2,972,"135,000"
80,Luhman 16,06.52,0.04,?,?
15,Antares,0600,12,680,"75,000"
39,Avior,0630,9.0,130,"60,000"
9,Betelgeuse,0640[1],20,950,"60,000"
50,Almaaz,0653,15,140,"43,000"
56,Eta Carinae,"07,500",100,60–881,"5,000,000"
94,WISE 0855−0714,07.27,0.003,?,?
23,Shaula,0700,14.5,8.8,"36,000"
60,Rho Cassiopeiae,"08,154",22,636-981,"347,000 - 530,000"
55,V382 Carinae,"08,900",20,485,"212,000"
41,Menkalinan,081,2.39,2.77,50
7,Rigel,0860,23,78.9,"120,000"
57,Delta Cephei,0887,4.5,44.5,"2,000"
36,Wezen,"1,600",17,200,"82,000"
29,Alnilam,"2,000",32,42,"380,000"
19,Deneb,"2,600",19,203,"200,000"
